No,User,L11,L12,L13,L14,L15,L21,L22,L23,L24,L25,L31,L32,L33,L34,L35,L41,L42,L43,L44,L45,L51,L52,L53,L54,L55
0,가슬,캠핑 셀터,버킷 슬로셔,노바 블래스터,노틸러스 47,쿠겔 슈라이버,R-PEN,새싹 슈터,프라임 슈터,물통,S-BLAST,몹링,쿼드 호퍼,덴탈 와이퍼,.52 갤런,.96 갤런,스퀵 클린,리터 4K,사무 와이퍼,14식 대나무 총,보틀 가이저,L3 릴건,볼드 마커,N-ZAP,스플랫 슈터,카본 롤러
1,꼬닐,리터 4K,볼드 마커,스플랫 슈터,14식 대나무 총,다이너모 롤러,N-ZAP,몹링,캠핑 셀터,스퍼터리,노바 블래스터,노틸러스 47,L3 릴건,플루이드,카본 롤러,제트 스위퍼,롱 블래스터,쿠겔 슈라이버,보틀 가이저,빈센트,사무 와이퍼,듀얼 스위퍼,이그재미너,익스플로셔,새싹 슈터,R-PEN
2,나래,다이너모 롤러,베리어블 롤러,오버플로셔,호쿠사이,볼드 마커,와이드 롤러,익스플로셔,파블로,몹링,파라 셀터,빈센트,캠핑 셀터,새싹 슈터,트라이 스트링거,스파이 가젯,LACT-450,플루이드,24식 도돌이 우산,핫 블래스터,보틀 가이저,소이 튜버,이그재미너,래피드 블래스터,덴탈 와이퍼,사무 와이퍼
3,니모,스퍼터리,스페이스 슈터,사무 와이퍼,볼드 마커,샤프 마커,파블로,캠핑 셀터,스플랫 롤러,노틸러스 47,물통,프로모델러,소이 튜버,N-ZAP,핫 블래스터,S-BLAST,.96 갤런,4K 스코프,노바 블래스터,롱 블래스터,스플랫 스피너,트라이 스트링거,R-PEN,프라임 슈터,익스플로셔,스플랫 슈터
4,니벨,스플랫 롤러,소이 튜버,.96 갤런,버킷 슬로셔,스플랫 슈터,14식 대나무 총,캠핑 셀터,스퀵 클린,스크루 슬로셔,프로모델러,보틀 가이저,트라이 스트링거,샤프 마커,핫 블래스터,.52 갤런,4K 스코프,스플랫 머누버,호쿠사이,배럴 스피너,카본 롤러,볼드 마커,스플랫 차저,N-ZAP,다이너모 롤러,새싹 슈터
5,닐리립,노바 블래스터,파블로,스플랫 슈터,리터 4K,호쿠사이,롱 블래스터,.52 갤런,.96 갤런,몹링,핫 블래스터,사무 와이퍼,보틀 가이저,스플랫 롤러,쿠겔 슈라이버,하이드런트,배럴 스피너,스퀵 클린,샤프 마커,스페이스 슈터,스플랫 차저,스플랫 스피너,노틸러스 47,빈센트,버킷 슬로셔,트라이 스트링거
6,다미,.52 갤런,새싹 슈터,스플랫 롤러,다이너모 롤러,보틀 가이저,롱 블래스터,익스플로셔,와이드 롤러,볼드 마커,카본 롤러,노바 블래스터,배럴 스피너,이그재미너,노틸러스 47,스파이 가젯,사무 와이퍼,스플랫 스피너,하이드런트,쿠겔 슈라이버,캠핑 셀터,리터 4K,스퍼터리,듀얼 스위퍼,H3 릴건,4K 스코프
7,로무,하이드런트,R-PEN,새싹 슈터,오버플로셔,노바 블래스터,듀얼 스위퍼,N-ZAP,스플랫 롤러,노틸러스 47,LACT-450,다이너모 롤러,이그재미너,4K 스코프,파블로,쿠겔 슈라이버,스플랫 스피너,스퍼터리,물통,스플랫 머누버,L3 릴건,볼드 마커,드라이브 와이퍼,S-BLAST,크래시 블래스터,캠핑 셀터
8,루비,노바 블래스터,캠핑 셀터,스퀵 클린,와이드 롤러,스퍼터리,.52 갤런,익스플로셔,파블로,물통,켈빈 525,소이 튜버,리터 4K,새싹 슈터,다이너모 롤러,이그재미너,14식 대나무 총,롱 블래스터,하이드런트,사무 와이퍼,몹링,4K 스코프,오버플로셔,플루이드,보틀 가이저,LACT-450
9,만타,오버플로셔,14식 대나무 총,새싹 슈터,프로모델러,스플랫 슈터,스플랫 롤러,볼드 마커,덴탈 와이퍼,노틸러스 47,익스플로셔,4K 스코프,스파이 가젯,캠핑 셀터,스페이스 슈터,이그재미너,.52 갤런,핫 블래스터,베리어블 롤러,R-PEN,스플랫 머누버,24식 도돌이 우산,S-BLAST,L3 릴건,노바 블래스터,R 블래스터 엘리트
10,문찌,리터 4K,빈센트,캠핑 셀터,노틸러스 47,스파이 가젯,파블로,4K 스코프,덴탈 와이퍼,핫 블래스터,보틀 가이저,롱 블래스터,볼드 마커,프로모델러,새싹 슈터,이그재미너,.52 갤런,샤프 마커,카본 롤러,스퀵 클린,프라임 슈터,스플랫 롤러,하이드런트,14식 대나무 총,호쿠사이,크래시 블래스터
11,나나,볼드 마커,스플랫 슈터,새싹 슈터,캠핑 셀터,빈센트,카본 롤러,샤프 마커,배럴 스피너,호쿠사이,스퍼터리,와이드 롤러,노틸러스 47,하이드런트,스플랫 스피너,스퀵 클린,리터 4K,이그재미너,쿠겔 슈라이버,.52 갤런,스플랫 롤러,파블로,소이 튜버,14식 대나무 총,R-PEN,.96 갤런
12,빠다,카본 롤러,노틸러스 47,배럴 스피너,호쿠사이,덴탈 와이퍼,볼드 마커,다이너모 롤러,4K 스코프,파블로,롱 블래스터,캠핑 셀터,파라 셀터,스플랫 롤러,노바 블래스터,스파이 가젯,보틀 가이저,N-ZAP,새싹 슈터,와이드 롤러,제트 스위퍼,.52 갤런,샤프 마커,트라이 스트링거,물통,베리어블 롤러
13,삼사,카본 롤러,래피드 블래스터,캠핑 셀터,소이 튜버,파블로,노틸러스 47,리터 4K,스플랫 롤러,보틀 가이저,볼드 마커,롱 블래스터,하이드런트,스퍼터리,이그재미너,스플랫 스피너,14식 대나무 총,오버플로셔,호쿠사이,프라임 슈터,베리어블 롤러,스플랫 슈터,노바 블래스터,R-PEN,켈빈 525,플루이드
14,솔라,익스플로셔,리터 4K,파블로,.52 갤런,스플랫 롤러,덴탈 와이퍼,하이드런트,볼드 마커,스페이스 슈터,플루이드,N-ZAP,롱 블래스터,스플랫 슈터,다이너모 롤러,캠핑 셀터,카본 롤러,새싹 슈터,핫 블래스터,스퀵 클린,R-PEN,사무 와이퍼,크래시 블래스터,노바 블래스터,스크루 슬로셔,노틸러스 47
15,윙끄,스퍼터리,베리어블 롤러,와이드 롤러,래피드 블래스터,24식 도돌이 우산,.52 갤런,L3 릴건,물통,스플랫 머누버,R 블래스터 엘리트,플루이드,드라이브 와이퍼,사무 와이퍼,노틸러스 47,파라 셀터,소방 FF,버킷 슬로셔,카본 롤러,스페이스 슈터,새싹 슈터,N-ZAP,LACT-450,빈센트,몹링,프라임 슈터
16,율무,LACT-450,핫 블래스터,하이드런트,래피드 블래스터,쿼드 호퍼,호쿠사이,노틸러스 47,리터 4K,볼드 마커,스플랫 머누버,새싹 슈터,스플랫 롤러,스플랫 슈터,N-ZAP,이그재미너,스퍼터리,프로모델러,롱 블래스터,쿠겔 슈라이버,다이너모 롤러,트라이 스트링거,샤프 마커,.52 갤런,R 블래스터 엘리트,파블로
17,자몽,새싹 슈터,리터 4K,캠핑 셀터,볼드 마커,스플랫 슈터,사무 와이퍼,R 블래스터 엘리트,스퍼터리,하이드런트,배럴 스피너,파블로,익스플로셔,스퀵 클린,쿠겔 슈라이버,오버플로셔,스플랫 머누버,노바 블래스터,다이너모 롤러,호쿠사이,트라이 스트링거,듀얼 스위퍼,.52 갤런,스플랫 스코프,와이드 롤러,롱 블래스터
18,주디,스퍼터리,R-PEN,덴탈 와이퍼,플루이드,듀얼 스위퍼,물통,베리어블 롤러,새싹 슈터,리터 4K,노틸러스 47,호쿠사이,N-ZAP,스플랫 슈터,.52 갤런,보틀 가이저,오버플로셔,쿠겔 슈라이버,파블로,와이드 롤러,S-BLAST,L3 릴건,캠핑 셀터,볼드 마커,사무 와이퍼,롱 블래스터
19,쪼이,새싹 슈터,스플랫 슈터,N-ZAP,볼드 마커,샤프 마커,.52 갤런,.96 갤런,H3 릴건,카본 롤러,다이너모 롤러,스퀵 클린,리터 4K,14식 대나무 총,소이 튜버,익스플로셔,배럴 스피너,하이드런트,노틸러스 47,이그재미너,스퍼터리,핫 블래스터,롱 블래스터,호쿠사이,파블로,사무 와이퍼
20,콩냥,새싹 슈터,익스플로셔,롱 블래스터,이그재미너,스플랫 롤러,제트 스위퍼,볼드 마커,캠핑 셀터,스플랫 머누버,핫 블래스터,카본 롤러,샤프 마커,.52 갤런,베리어블 롤러,버킷 슬로셔,노틸러스 47,오버플로셔,R 블래스터 엘리트,크래시 블래스터,스퍼터리,덴탈 와이퍼,하이드런트,LACT-450,플루이드,스플랫 슈터
21,쿠시,스퍼터리,스플랫 롤러,스플랫 슈터,다이너모 롤러,사무 와이퍼,트라이 스트링거,캠핑 셀터,쿠겔 슈라이버,스퀵 클린,노바 블래스터,LACT-450,스플랫 차저,익스플로셔,14식 대나무 총,노틸러스 47,새싹 슈터,리터 4K,L3 릴건,볼드 마커,롱 블래스터,하이드런트,이그재미너,오버플로셔,샤프 마커,핫 블래스터
22,키위,스플랫 슈터,베리어블 롤러,새싹 슈터,스플랫 머누버,볼드 마커,드라이브 와이퍼,노틸러스 47,와이드 롤러,배럴 스피너,제트 스위퍼,버킷 슬로셔,소이 튜버,캠핑 셀터,몹링,스파이 가젯,.52 갤런,쿼드 호퍼,LACT-450,H3 릴건,파블로,리터 4K,켈빈 525,익스플로셔,보틀 가이저,롱 블래스터
23,하넬,사무 와이퍼,물통,롱 블래스터,캠핑 셀터,덴탈 와이퍼,호쿠사이,리터 4K,스페이스 슈터,N-ZAP,이그재미너,스플랫 롤러,새싹 슈터,볼드 마커,프라임 슈터,다이너모 롤러,노틸러스 47,.52 갤런,샤프 마커,소이 튜버,빈센트,LACT-450,소방 FF,핫 블래스터,몹링,플루이드
24,헤요,베리어블 롤러,오버플로셔,.52 갤런,볼드 마커,스플랫 슈터,와이드 롤러,이그재미너,.96 갤런,스퀵 클린,트라이 스트링거,하이드런트,물통,24식 도돌이 우산,플루이드,몹링,쿼드 호퍼,캠핑 셀터,핫 블래스터,롱 블래스터,노바 블래스터,파블로,호쿠사이,샤프 마커,보틀 가이저,리터 4K
25,현빈,이그재미너,보틀 가이저,리터 4K,노바 블래스터,N-ZAP,스퍼터리,카본 롤러,하이드런트,프라임 슈터,.52 갤런,새싹 슈터,프로모델러,볼드 마커,R-PEN,S-BLAST,크래시 블래스터,스플랫 슈터,노틸러스 47,오버플로셔,제트 스위퍼,샤프 마커,캠핑 셀터,4K 스코프,롱 블래스터,덴탈 와이퍼
